{"cameraMode":{"drawMode":0,"name":"Shaded","section":"Shading Mode"},"sceneLighting":true,"audioPlay":false,"sceneViewState":{"showFog":true,"showMaterialUpdate":false,"showSkybox":true,"showFlares":true,"showImageEffects":true,"showParticleSystems":true},"in2DMode":false,"pivot":{"x":0.4779987335205078,"y":1.636617660522461,"z":-0.6822166442871094},"rotation":{"x":-0.053853608667850497,"y":0.9436003565788269,"z":-0.19256405532360078,"w":-0.2638929784297943},"size":12.379107475280762,"orthographic":false}