{"cameraMode":{"drawMode":0,"name":"Shaded","section":"Shading Mode"},"sceneLighting":true,"audioPlay":false,"sceneViewState":{"showFog":true,"showMaterialUpdate":false,"showSkybox":true,"showFlares":true,"showImageEffects":true,"showParticleSystems":true},"in2DMode":false,"pivot":{"x":40.97683334350586,"y":-12.857064247131348,"z":43.11738967895508},"rotation":{"x":-0.12582418322563172,"y":-0.3568525016307831,"z":0.04865875467658043,"w":-0.9244407415390015},"size":30.12593650817871,"orthographic":false}